gene,uniprot,primary_class,direction,peak_condition,disease_anchor,ligand,smiles,sequence
SIK2,Q9H0K1,kinase,brake_agonize,Rest,asthma,HG-9-91-01_analog,COc1cc2ncc(C#N)c(Nc3ccc(Cl)cc3)c2cc1OC,MVMADGPRHLQRGPVRVGFYDIEGTLGKGNFAVVKLGRHRITKTEVAIKIIDKSQLDAVNLEKIYREVQIMKMLDHPHIIKLYQVMETKSMLYLVTEYAKNGEIFDYLANHGRLNESEARRKFWQILSAVDYCHGRKIVHRDLKAENLLLDNNMNIKIADFGFGNFFKSGELLATWCGSPPYAAPEVFEGQQYEGPQLDIWSMGVVLYVLVCGALPFDGPTLPILRQRVLEGRFRIPYFMSEDCEHLIRRMLVLDPSKRLTIAQIKEHKWMLIEVPVQRPVLYPQEQENEPSIGEFNEQVLRLMHSLGIDQQKTIESLQNKSYNHFAAIYFLLVERLKSHRSSFPVEQRLDGRQRRPSTIAEQTVAKAQTVGLPVTMHSPNMRLLRSALLPQASNVEAFSFPASGCQAEAAFMEEECVDTPKVNGCLLDPVPPVLVRKGCQSLPSNMMETSIDEGLETEGEAEEDPAHAFEAFQSTRSGQRRHTLSEVTNQLVVMPGAGKIFSMNDSPSLDSVDSEYDMGSVQRDLNFLEDNPSLKDIMLANQPSPRMTSPFISLRPTNPAMQALSSQKREVHNRSPVSFREGRRASDTSLTQGIVAFRQHLQNLARTKGILELNKVQLLYEQIGPEADPNLAPAAPQLQDLASSCPQEEVSQQQESVSTLPASVHPQLSPRQSLETQYLQHRLQKPSLLSKAQNTCQLYCKEPPRSLEQQLQEHRLQQKRLFLQKQSQLQAYFNQMQIAESSYPQPSQQLPLPRQETPPPSQQAPPFSLTQPLSPVLEPSSEQMQYSPFLSQYQEMQLQPLPSTSGPRAAPPLPTQLQQQQPPPPPPPPPPRQPGAAPAPLQFSYQTCELPSAASPAPDYPTPCQYPVDGAQQSDLTGPDCPRSPGLQEAPSSYDPLALSELPGLFDCEMLDAVDPQHNGYVLVN
CTSH,P09668,enzyme,driver_antagonize,Stim8hr,type 1 diabetes mellitus,cathepsin_inhibitor_E64d,CCOC(=O)C1OC1C(=O)NC(CC(C)C)C(=O)NCCCNC(=N)N,MWATLPLLCAGAWLLGVPVCGAAELCVNSLEKFHFKSWMSKHRKTYSTEEYHHRLQTFASNWRKINAHNNGNHTFKMALNQFSDMSFAEIKHKYLWSEPQNCSATKSNYLRGTGPYPPSVDWRKKGNFVSPVKNQGACGSCWTFSTTGALESAIAIATGKMLSLAEQQLVDCAQDFNNHGCQGGLPSQAFEYILYNKGIMGEDTYPYQGKDGYCKFQPGKAIGFVKDVANITIYDEEAMVEAVALYNPVSFAFEVTQDFMMYRTGIYSSTSCHKTPDKVNHAVLAVGYGEKNGIPYWIVKNSWGPQWGMNGYFLIERGKNMCGLAACASYPIPLV
NEK6,Q9HC98,kinase,driver_antagonize,Stim8hr,asthma,NEK_inhibitor_scaffold,O=C(Nc1cccc(-c2ccncc2)c1)c1ccc(N2CCNCC2)cc1,MAGQPGHMPHGGSSNNLCHTLGPVHPPDPQRHPNTLSFRCSLADFQIEKKIGRGQFSEVYKATCLLDRKTVALKKVQIFEMMDAKARQDCVKEIGLLKQLNHPNIIKYLDSFIEDNELNIVLELADAGDLSQMIKYFKKQKRLIPERTVWKYFVQLCSAVEHMHSRRVMHRDIKPANVFITATGVVKLGDLGLGRFFSSETTAAHSLVGTPYYMSPERIHENGYNFKSDIWSLGCLLYEMAALQSPFYGDKMNLFSLCQKIEQCDYPPLPGEHYSEKLRELVSMCICPDPHQRPDIGYVHQVAKQMHIWMSST
DAGLB,Q8NCG7,enzyme,driver_antagonize,Stim48hr,ulcerative colitis,DAGL_inhibitor_DH376,O=C(N1CCC(Oc2ccccc2)CC1)N1CCC(C(=O)OCc2ccccc2)CC1,MPGMVLFGRRWAIASDDLVFPGFFELVVRVLWWIGILTLYLMHRGKLDCAGGALLSSYLIVLMILLAVVICTVSAIMCVSMRGTICNPGPRKSMSKLLYIRLALFFPEMVWASLGAAWVADGVQCDRTVVNGIIATVVVSWIIIAATVVSIIIVFDPLGGKMAPYSSAGPSHLDSHDSSQLLNGLKTAATSVWETRIKLLCCCIGKDDHTRVAFSSTAELFSTYFSDTDLVPSDIAAGLALLHQQQDNIRNNQEPAQVVCHAPGSSQEADLDAELENCHHYMQFAAAAYGWPLYIYRNPLTGLCRIGGDCCRSRTTDYDLVGGDQLNCHFGSILHTTGLQYRDFIHVSFHDKVYELPFLVALDHRKESVVVAVRGTMSLQDVLTDLSAESEVLDVECEVQDRLAHKGISQAARYVYQRLINDGILSQAFSIAPEYRLVIVGHSLGGGAAALLATMLRAAYPQVRCYAFSPPRGLWSKALQEYSQSFIVSLVLGKDVIPRLSVTNLEDLKRRILRVVAHCNKPKYKILLHGLWYELFGGNPNNLPTELDGGDQEVLTQPLLGEQSLLTRWSPAYSFSSDSPLDSSPKYPPLYPPGRIIHLQEEGASGRFGCCSAAHYSAKWSHEAEFSKILIGPKMLTDHMPDILMRALDSVVSDRAACVSCPAQGVSSVDVA
ADAM19,Q9H013,enzyme,brake_agonize,Stim48hr,asthma,metalloprotease_inhibitor,O=C(NO)C(Cc1ccccc1)NS(=O)(=O)c1ccc(OC)cc1,MPGGAGAARLCLLAFALQPLRPRAAREPGWTRGSEEGSPKLQHELIIPQWKTSESPVREKHPLKAELRVMAEGRELILDLEKNEQLFAPSYTETHYTSSGNPQTTTRKLEDHCFYHGTVRETELSSVTLSTCRGIRGLITVSSNLSYVIEPLPDSKGQHLIYRSEHLKPPPGNCGFEHSKPTTRDWALQFTQQTKKRPRRMKREDLNSMKYVELYLVADYLEFQKNRRDQDATKHKLIEIANYVDKFYRSLNIRIALVGLEVWTHGNMCEVSENPYSTLWSFLSWRRKLLAQKYHDNAQLITGMSFHGTTIGLAPLMAMCSVYQSGGVNMDHSENAIGVAATMAHEMGHNFGMTHDSADCCSASAADGGCIMAAATGHPFPKVFNGCNRRELDRYLQSGGGMCLSNMPDTRMLYGGRRCGNGYLEDGEECDCGEEEECNNPCCNASNCTLRPGAECAHGSCCHQCKLLAPGTLCREQARQCDLPEFCTGKSPHCPTNFYQMDGTPCEGGQAYCYNGMCLTYQEQCQQLWGPGARPAPDLCFEKVNVAGDTFGNCGKDMNGEHRKCNMRDAKCGKIQCQSSEARPLESNAVPIDTTIIMNGRQIQCRGTHVYRGPEEEGDMLDPGLVMTGTKCGYNHICFEGQCRNTSFFETEGCGKKCNGHGVCNNNQNCHCLPGWAPPFCNTPGHGGSIDSGPMPPESVGPVVAGVLVAILVLAVLMLMYYCCRQNNKLGQLKPSALPSKLRQQFSCPFRVSQNSGTGHANPTFKLQTPQGKRKVINTPEILRKPSQPPPRPPPDYLRGGSPPAPLPAHLSRAARNSPGPGSQIERTESSRRPPPSRPIPPAPNCIVSQDFSRPRPPQKALPANPVPGRRSLPRPGGASPLRPPGAGPQQSRPLAALAPKVSPREALKVKAGTRGLQGGRCRVEKTKQFMLLVVWTELPEQKPRAKHSCFLVPA
BRD1,O95696,enzyme,driver_antagonize,Stim48hr,ankylosing spondylitis,bromodomain_JQ1,Cc1c(C)c2c(s1)-c1nnc(C)n1C(CC(=O)OC(C)(C)C)c1ccc(Cl)cc1-2,MRRKGRCHRGSAARHPSSPCSVKHSPTRETLTYAQAQRMVEIEIEGRLHRISIFDPLEIILEDDLTAQEMSECNSNKENSERPPVCLRTKRHKNNRVKKKNEALPSAHGTPASASALPEPKVRIVEYSPPSAPRRPPVYYKFIEKSAEELDNEVEYDMDEEDYAWLEIVNEKRKGDCVPAVSQSMFEFLMDRFEKESHCENQKQGEQQSLIDEDAVCCICMDGECQNSNVILFCDMCNLAVHQECYGVPYIPEGQWLCRHCLQSRARPADCVLCPNKGGAFKKTDDDRWGHVVCALWIPEVGFANTVFIEPIDGVRNIPPARWKLTCYLCKQKGVGACIQCHKANCYTAFHVTCAQKAGLYMKMEPVKELTGGGTTFSVRKTAYCDVHTPPGCTRRPLNIYGDVEMKNGVCRKESSVKTVRSTSKVRKKAKKAKKALAEPCAVLPTVCAPYIPPQRLNRIANQVAIQRKKQFVERAHSYWLLKRLSRNGAPLLRRLQSSLQSQRSSQQRENDEEMKAAKEKLKYWQRLRHDLERARLLIELLRKREKLKREQVKVEQVAMELRLTPLTVLLRSVLDQLQDKDPARIFAQPVSLKEVPDYLDHIKHPMDFATMRKRLEAQGYKNLHEFEEDFDLIIDNCMKYNARDTVFYRAAVRLRDQGGVVLRQARREVDSIGLEEASGMHLPERPAAAPRRPFSWEDVDRLLDPANRAHLGLEEQLRELLDMLDLTCAMKSSGSRSKRAKLLKKEIALLRNKLSQQHSQPLPTGPGLEGFEEDGAALGPEAGEEVLPRLETLLQPRKRSRSTCGDSEVEEESPGKRLDAGLTNGFGGARSEQEPGGGLGRKATPRRRCASESSISSSNSPLCDSSFNAPKCGRGKPALVRRHTLEDRSELISCIENGNYAKAARIAAEVGQSSMWISTDAAASVLEPLKVVWAKCSGYPSYPALIIDPKMPRVPGHHNGVTIPAPPLDVLKIGEHMQTKSDEKLFLVLFFDNKRSWQWLPKSKMVPLGIDETIDKLKMMEGRNSSIRKAVRIAFDRAMNHLSRVHGEPTSDLSDID
PRKX,P51817,kinase,driver_antagonize,Stim48hr,Hashimoto thyroiditis,PKA_inhibitor_H89,O=S(=O)(NCCNCc1ccc(Br)cc1)c1cccc2cnccc12,MEAPGLAQAAAAESDSRKVAEETPDGAPALCPSPEALSPEPPVYSLQDFDTLATVGTGTFGRVHLVKEKTAKHFFALKVMSIPDVIRLKQEQHVHNEKSVLKEVSHPFLIRLFWTWHDERFLYMLMEYVPGGELFSYLRNRGRFSSTTGLFYSAEIICAIEYLHSKEIVYRDLKPENILLDRDGHIKLTDFGFAKKLVDRTWTLCGTPEYLAPEVIQSKGHGRAVDWWALGILIFEMLSGFPPFFDDNPFGIYQKILAGKIDFPRHLDFHVKDLIKKLLVVDRTRRLGNMKNGANDVKHHRWFRSVDWEAVPQRKLKPPIVPKIAGDGDTSNFETYPENDWDTAAPVPQKDLEIFKNF
IRAK3,Q9Y616,kinase,brake_agonize,Rest,mixed connective tissue disease,IRAK_inhibitor_scaffold,Cc1ncc(-c2ccnc(Nc3ccc(N4CCOCC4)cc3)n2)o1,MAGNCGARGALSAHTLLFDLPPALLGELCAVLDSCDGALGWRGLAERLSSSWLDVRHIEKYVDQGKSGTRELLWSWAQKNKTIGDLLQVLQEMGHRRAIHLITNYGAVLSPSEKSYQEGGFPNILFKETANVTVDNVLIPEHNEKGILLKSSISFQNIIEGTRNFHKDFLIGEGEIFEVYRVEIQNLTYAVKLFKQEKKMQCKKHWKRFLSELEVLLLFHHPNILELAAYFTETEKFCLIYPYMRNGTLFDRLQCVGDTAPLPWHIRIGILIGISKAIHYLHNVQPCSVICGSISSANILLDDQFQPKLTDFAMAHFRSHLEHQSCTINMTSSSSKHLWYMPEEYIRQGKLSIKTDVYSFGIVIMEVLTGCRVVLDDPKHIQLRDLLRELMEKRGLDSCLSFLDKKVPPCPRNFSAKLFCLAGRCAATRAKLRPSMDEVLNTLESTQASLYFAEDPPTSLKSFRCPSPLFLENVPSIPVEDDESQNNNLLPSDEGLRIDRMTQKTPFECSQSEVMFLSLDKKPESKRNEEACNMPSSSCEESWFPKYIVPSQDLRPYKVNIDPSSEAPGHSCRSRPVESSCSSKFSWDEYEQYKKE
PIK3C3,Q8NEB9,enzyme,brake_agonize,Stim48hr,,VPS34_inhibitor_SAR405,CC1CCN(C(=O)c2cnc(N3CCOCC3)nc2)CC1Nc1ncc(C(F)(F)F)s1,MGEAEKFHYIYSCDLDINVQLKIGSLEGKREQKSYKAVLEDPMLKFSGLYQETCSDLYVTCQVFAEGKPLALPVRTSYKAFSTRWNWNEWLKLPVKYPDLPRNAQVALTIWDVYGPGKAVPVGGTTVSLFGKYGMFRQGMHDLKVWPNVEADGSEPTKTPGRTSSTLSEDQMSRLAKLTKAHRQGHMVKVDWLDRLTFREIEMINESEKRSSNFMYLMVEFRCVKCDDKEYGIVYYEKDGDESSPILTSFELVKVPDPQMSMENLVESKHHKLARSLRSGPSDHDLKPNAATRDQLNIIVSYPPTKQLTYEEQDLVWKFRYYLTNQEKALTKFLKCVNWDLPQEAKQALELLGKWKPMDVEDSLELLSSHYTNPTVRRYAVARLRQADDEDLLMYLLQLVQALKYENFDDIKNGLEPTKKDSQSSVSENVSNSGINSAEIDSSQIITSPLPSVSSPPPASKTKEVPDGENLEQDLCTFLISRACKNSTLANYLYWYVIVECEDQDTQQRDPKTHEMYLNVMRRFSQALLKGDKSVRVMRSLLAAQQTFVDRLVHLMKAVQRESGNRKKKNERLQALLGDNEKMNLSDVELIPLPLEPQVKIRGIIPETATLFKSALMPAQLFFKTEDGGKYPVIFKHGDDLRQDQLILQIISLMDKLLRKENLDLKLTPYKVLATSTKHGFMQFIQSVPVAEVLDTEGSIQNFFRKYAPSENGPNGISAEVMDTYVKSCAGYCVITYILGVGDRHLDNLLLTKTGKLFHIDFGYILGRDPKPLPPPMKLNKEMVEGMGGTQSEQYQEFRKQCYTAFLHLRRYSNLILNLFSLMVDANIPDIALEPDKTVKKVQDKFRLDLSDEEAVHYMQSLIDESVHALFAAVVEQIHKFAQYWRK
NCOA2,Q15596,enzyme,driver_antagonize,Stim8hr,,nuclear_receptor_coactivator_probe,O=C(O)c1ccc(-c2ccc(C(=O)Nc3ccc(C(F)(F)F)cc3)cc2)cc1,MSGMGENTSDPSRAETRKRKECPDQLGPSPKRNTEKRNREQENKYIEELAELIFANFNDIDNFNFKPDKCAILKETVKQIRQIKEQEKAAAANIDEVQKSDVSSTGQGVIDKDALGPMMLEALDGFFFVVNLEGNVVFVSENVTQYLRYNQEELMNKSVYSILHVGDHTEFVKNLLPKSIVNGGSWSGEPPRRNSHTFNCRMLVKPLPDSEEEGHDNQEAHQKYETMQCFAVSQPKSIKEEGEDLQSCLICVARRVPMKERPVLPSSESFTTRQDLQGKITSLDTSTMRAAMKPGWEDLVRRCIQKFHAQHEGESVSYAKRHHHEVLRQGLAFSQIYRFSLSDGTLVAAQTKSKLIRSQTTNEPQLVISLHMLHREQNVCVMNPDLTGQTMGKPLNPISSNSPAHQALCSGNPGQDMTLSSNINFPINGPKEQMGMPMGRFGGSGGMNHVSGMQATTPQGSNYALKMNSPSQSSPGMNPGQPTSMLSPRHRMSPGVAGSPRIPPSQFSPAGSLHSPVGVCSSTGNSHSYTNSSLNALQALSEGHGVSLGSSLASPDLKMGNLQNSPVNMNPPPLSKMGSLDSKDCFGLYGEPSEGTTGQAESSCHPGEQKETNDPNLPPAVSSERADGQSRLHDSKGQTKLLQLLTTKSDQMEPSPLASSLSDTNKDSTGSLPGSGSTHGTSLKEKHKILHRLLQDSSSPVDLAKLTAEATGKDLSQESSSTAPGSEVTIKQEPVSPKKKENALLRYLLDKDDTKDIGLPEITPKLERLDSKTDPASNTKLIAMKTEKEEMSFEPGDQPGSELDNLEEILDDLQNSQLPQLFPDTRPGAPAGSVDKQAIINDLMQLTAENSPVTPVGAQKTALRISQSTFNNPRPGQLGRLLPNQNLPLDITLQSPTGAGPFPPIRNSSPYSVIPQPGMMGNQGMIGNQGNLGNSSTGMIGNSASRPTMPSGEWAPQSSAVRVTCAATTSAMNRPVQGGMIRNPAASIPMRPSSQPGQRQTLQSQVMNIGPSELEMNMGGPQYSQQQAPPNQTAPWPESILPIDQASFASQNRQPFGSSPDDLLCPHPAAESPSDEGALLDQLYLALRNFDGLEEIDRALGIPELVSQSQAVDPEQFSSQDSNIMLEQKAPVFPQQYASQAQMAQGSYSPMQDPNFHTMGQRPSYATLRMQPRPGLRPTGLVQNQPNQLRLQLQHRLQAQQNRQPLMNQISNVSNVNLTLRPGVPTQAPINAQMLAQRQREILNQHLRQRQMHQQQQVQQRTLMMRGQGLNMTPSMVAPSGMPATMSNPRIPQANAQQFPFPPNYGISQQPDPGFTGATTPQSPLMSPRMAHTQSPMMQQSQANPAYQAPSDINGWAQGNMGGNSMFSQQSPPHFGQQANTSMYSNNMNINVSMATNTGGMSSMNQMTGQISMTSVTSVPTSGLSSMGPEQVNDPALRGGNLFPNQLPGMDMIKQEGDTTRKYC
GPR55,Q9Y2T6,GPCR,driver_antagonize,Stim8hr,psoriatic arthritis,GPR55_antagonist_CID16020046,O=C(O)c1ccccc1NC(=O)c1cc(-c2ccccc2)n(-c2ccccc2)n1,MSQQNTSGDCLFDGVNELMKTLQFAVHIPTFVLGLLLNLLAIHGFSTFLKNRWPDYAATSIYMINLAVFDLLLVLSLPFKMVLSQVQSPFPSLCTLVECLYFVSMYGSVFTICFISMDRFLAIRYPLLVSHLRSPRKIFGICCTIWVLVWTGSIPIYSFHGKVEKYMCFHNMSDDTWSAKVFFPLEVFGFLLPMGIMGFCCSRSIHILLGRRDHTQDWVQQKACIYSIAASLAVFVVSFLPVHLGFFLQFLVRNSFIVECRAKQSISFFLQLSMCFSNVNCCLDVFCYYFVIKEFRMNIRAHRPSRVQLVLQDTTISRG
